[{"family":"MaterialIcons","fonts":[{"asset":"fonts/MaterialIcons-Regular.otf"}]},{"family":"Hero","fonts":[{"weight":100,"asset":"assets/fonts/Hero-Regular.ttf"},{"weight":200,"asset":"assets/fonts/Hero-Regular.ttf"},{"weight":300,"asset":"assets/fonts/Hero-Regular.ttf"},{"asset":"assets/fonts/Hero-Regular.ttf"},{"weight":500,"asset":"assets/fonts/Hero-Regular.ttf"},{"weight":600,"asset":"assets/fonts/Hero-Regular.ttf"},{"weight":700,"asset":"assets/fonts/Hero-Regular.ttf"},{"weight":800,"asset":"assets/fonts/Hero-Regular.ttf"},{"weight":900,"asset":"assets/fonts/Hero-Regular.ttf"}]},{"family":"packages/cupertino_icons/CupertinoIcons","fonts":[{"asset":"packages/cupertino_icons/assets/CupertinoIcons.ttf"}]},{"family":"packages/font_awesome_flutter/FontAwesomeBrands","fonts":[{"weight":400,"asset":"packages/font_awesome_flutter/lib/fonts/fa-brands-400.ttf"}]},{"family":"packages/font_awesome_flutter/FontAwesomeRegular","fonts":[{"weight":400,"asset":"packages/font_awesome_flutter/lib/fonts/fa-regular-400.ttf"}]},{"family":"packages/font_awesome_flutter/FontAwesomeSolid","fonts":[{"weight":900,"asset":"packages/font_awesome_flutter/lib/fonts/fa-solid-900.ttf"}]}]